res_id,res_name,res_area,res_type
1,Brahma Brews,JP Nagar,"Microbrewery,Casual Dining"
2,Masala Mandi,Sarjapur Road,Casual Dining
3,The Big Barbeque,Electronic City,Casual Dining
4,Levels,JP Nagar,"Pub,Casual Dining"
5,Dr. Sheesha 24 Hours Gastro Pub,"The Sahar Pavilion, Electronic City",Pub
6,Byg Brewski Brewing Company,Sarjapur Road,Microbrewery
7,URU Brewpark,JP Nagar,"Microbrewery,Casual Dining"
8,Hoot,Sarjapur Road,"Microbrewery,Casual Dining"
9,The Fisherman's Wharf,Sarjapur Road,"Casual Dining,Bar"
10,AB's - Absolute Barbecues,BTM,Casual Dining
11,Meghana Foods,Jayanagar,Casual Dining
12,The Globe Grub,BTM,Casual Dining
13,The Pump House,JP Nagar,Microbrewery
14,Stories - The Brew Chapter,BTM,"Microbrewery,Casual Dining"
15,Shivaji Military Hotel,Jayanagar,Quick Bites
16,Sattvam,JP Nagar,Casual Dining
17,The Barbecue Kingdom,Electronic City,Casual Dining
18,House Of Commons,HSR,Bar
19,Gufha - The President Hotel,"The President Hotel, Jayanagar",Casual Dining
20,What the Ale?!,Electronic City,"Microbrewery,Casual Dining"
21,Mavalli Tiffin Room (MTR),Basavanagudi,Quick Bites
22,Levitate Brewery and Kitchen,JP Nagar,"Microbrewery,Casual Dining"
23,Taaza Thindi,Jayanagar,Quick Bites
24,Fat Owl,JP Nagar,"Bar,Casual Dining"
25,Go Native,Jayanagar,Casual Dining
26,1522 - The Pub,JP Nagar,Pub
27,Tipsy Bull - The Bar Exchange,JP Nagar,"Bar,Casual Dining"
28,Hammered,HSR,"Bar,Casual Dining"
29,Rural Blues,Sarjapur Road,"Casual Dining,Bar"
30,Subz,Jayanagar,Casual Dining
31,OPUS Club,"OPUS, Sarjapur Road",Pub
32,Onesta,HSR,"Casual Dining,Café"
33,Whattay Kitchen and Brew,Kanakapura Road,"Microbrewery,Casual Dining"
34,Grasshopper,Bannerghatta Road,Fine Dining
35,Empire Restaurant,Jayanagar,Casual Dining
36,Broadway - The Gourmet Theatre,HSR,"Casual Dining,Bar"
37,La Casa Brewery And Kitchen,Sarjapur Road,"Microbrewery,Casual Dining"
38,Chulha Chauki Da Dhaba,Sarjapur Road,Casual Dining
39,Stories,JP Nagar,"Pub,Casual Dining"
40,Vidyarthi Bhavan,Basavanagudi,Quick Bites
41,By The Peepal,JP Nagar,"Microbrewery,Casual Dining"
42,Brother Barley Brewing Company,HSR,"Microbrewery,Casual Dining"
43,Dindigul Thalappakatti,Jayanagar,Casual Dining
44,Ruh,Bellandur,Casual Dining
45,Al Daaz,HSR,Casual Dining
46,Public - The Rooftop Bar And Kitchen,Bannerghatta Road,"Casual Dining,Bar"
47,Oyster,HSR,"Casual Dining,Bar"
48,Shift,HSR,"Lounge,Casual Dining"
49,Millennials,JP Nagar,"Bar,Casual Dining"
50,Three Dots & A Dash,JP Nagar,"Bar,Casual Dining"
51,Cable Car,Jayanagar,Casual Dining
52,Basil Bistro,HSR,Casual Dining
53,Tea Villa Cafe,Jayanagar,Café
54,Olive Grove,Electronic City,Casual Dining
55,Toscano,Jayanagar,Casual Dining
56,Chavadi,Bannerghatta Road,"Casual Dining,Bar"
57,Habit@,Bellandur,"Bar,Casual Dining"
58,The Punjabi Rasoi,HSR,Casual Dining
59,Spice It - Ibis Bengaluru,"Ibis Bengaluru, Marathahalli",Casual Dining
60,LIT Gastro Pub,Jayanagar,Pub
61,The Hidden Home,Sarjapur Road,Casual Dining
62,Brahmin's Coffee Bar,Basavanagudi,Quick Bites
63,Crumb Together,JP Nagar,"Casual Dining,Bar"
64,Carnatic,JP Nagar,Casual Dining
65,Patio 805,Jayanagar,Casual Dining
66,Indigo X II P,HSR,Pub
67,Brew Meister,Jayanagar,"Microbrewery,Casual Dining"
68,Arogya Ahaara,HSR,Quick Bites
69,Village - The Soul of India,"Bangalore Central, JP Nagar",Casual Dining
70,Le Arabia,JP Nagar,Casual Dining
71,Moti Mahal Delux,HSR,Casual Dining
72,Paradise Biryani,HSR,Casual Dining
73,Tapout Tavern,Sarjapur Road,"Pub,Casual Dining"
74,Belgian Waffle Factory,Basavanagudi,Dessert Parlor
75,Brewsky,JP Nagar,"Microbrewery,Casual Dining"
